{"cameraMode":{"drawMode":0,"name":"Shaded","section":"Shading Mode"},"sceneLighting":true,"audioPlay":false,"sceneViewState":{"m_AlwaysRefresh":false,"showFog":true,"showSkybox":true,"showFlares":true,"showImageEffects":true,"showParticleSystems":true,"showVisualEffectGraphs":true,"m_FxEnabled":true},"in2DMode":false,"pivot":{"x":-5.534852981567383,"y":10.109617233276368,"z":2.911543846130371},"rotation":{"x":-0.06574045866727829,"y":0.36869123578071597,"z":-0.026150468736886979,"w":-0.9268564581871033},"size":47.576290130615237,"orthographic":false}