{"cameraMode":{"drawMode":0,"name":"Shaded","section":"Shading Mode"},"sceneLighting":true,"audioPlay":false,"sceneViewState":{"m_AlwaysRefresh":false,"showFog":true,"showSkybox":true,"showFlares":true,"showImageEffects":true,"showParticleSystems":true,"showVisualEffectGraphs":true,"m_FxEnabled":true},"in2DMode":false,"pivot":{"x":-0.32801055908203127,"y":3.8918471336364748,"z":6.224592208862305},"rotation":{"x":-0.20440693199634553,"y":0.11481404304504395,"z":-0.02414904721081257,"w":-0.9718316197395325},"size":19.577085494995118,"orthographic":false}